,Company,TypeName,Inches,Ram,Memory,OpSys,Price_euros
0,Acer,3,1,1,3,3,709.0
1,Acer,1,1,3,3,1,530.0
2,Acer,1,1,1,4,1,659.0
3,Acer,1,1,6,3,1,549.0
4,Acer,1,1,3,6,1,426.0
5,Acer,1,2,1,3,1,389.0
6,Acer,1,1,1,3,3,846.0
7,Acer,1,1,5,3,1,693.99
8,Acer,1,1,1,4,3,879.0
9,Acer,4,5,1,4,1,789.01
10,Acer,1,1,3,1,3,441.8
11,Acer,1,1,3,3,1,544.0
12,Acer,5,7,3,6,1,435.0
13,Acer,1,1,3,1,1,469.0
14,Acer,1,1,1,3,1,579.0
15,Acer,1,1,3,3,1,613.0
16,Acer,1,1,3,1,1,639.0
17,Acer,3,1,1,3,3,798.0
18,Acer,4,7,3,10,1,349.0
19,Acer,1,2,3,10,1,329.0
20,Acer,1,2,3,31,1,349.0
21,Acer,4,7,3,10,5,379.0
22,Acer,1,1,3,1,1,450.0
23,Acer,2,2,1,4,1,919.0
24,Acer,1,7,3,31,1,485.0
25,Acer,1,1,3,6,3,412.0
26,Acer,1,1,1,4,1,469.0
27,Acer,1,1,4,16,5,199.0
28,Acer,2,2,1,4,1,884.0
29,Acer,1,1,3,4,1,572.0
30,Acer,1,4,3,3,1,655.0
31,Acer,1,1,3,3,1,447.0
32,Acer,1,4,3,4,1,805.0
33,Acer,1,1,3,3,1,348.0
34,Acer,1,1,3,3,1,363.51
35,Acer,1,4,1,4,1,854.0
36,Acer,1,1,3,6,1,449.0
37,Acer,2,5,1,4,1,989.0
38,Acer,1,1,1,3,1,742.0
39,Acer,1,1,1,3,3,779.0
40,Acer,4,5,1,4,1,847.0
41,Acer,1,1,1,4,1,832.0
42,Acer,4,5,1,4,1,689.0
43,Acer,1,1,3,3,3,390.0
44,Acer,1,1,1,3,1,689.0
45,Acer,3,1,1,4,1,846.0
46,Acer,1,4,3,4,1,702.0
47,Acer,1,1,1,3,1,745.0
48,Acer,1,1,1,4,1,951.0
49,Acer,1,1,3,3,1,395.0
50,Acer,1,1,5,3,1,659.0
51,Acer,1,1,1,4,3,979.0
52,Acer,1,1,3,4,1,451.0
53,Acer,1,1,3,3,1,384.0
54,Acer,1,2,3,10,5,375.0
55,Acer,3,1,2,4,1,1299.0
56,Acer,1,1,6,3,1,409.0
57,Acer,1,1,1,3,1,449.0
58,Acer,1,1,3,1,1,387.0
59,Acer,1,1,1,7,1,799.0
60,Acer,1,1,3,16,5,209.0
61,Acer,1,1,3,3,1,616.0
62,Acer,1,1,3,1,1,333.0
63,Acer,1,1,3,4,1,691.0
64,Acer,3,4,2,7,1,2599.0
65,Acer,1,1,3,3,3,272.0
66,Acer,1,4,1,3,1,629.0
67,Acer,5,7,4,14,5,174.0
68,Acer,2,2,1,4,1,770.0
69,Acer,1,4,3,3,1,598.0
70,Acer,4,2,1,4,1,1149.0
71,Acer,1,1,3,1,1,400.0
72,Acer,1,1,3,1,3,361.8
73,Acer,1,1,3,1,3,289.0
74,Acer,1,1,3,1,3,289.0
75,Acer,1,1,3,1,3,289.0
76,Acer,1,1,3,1,1,380.0
77,Acer,1,1,5,5,1,1009.0
78,Acer,3,1,1,5,1,1260.0
79,Acer,1,2,3,10,5,349.0
80,Acer,1,1,1,4,1,841.0
81,Acer,5,7,3,10,1,269.0
82,Acer,4,5,1,4,1,999.0
83,Acer,3,4,2,5,1,1935.0
84,Acer,1,1,3,1,1,559.0
85,Acer,1,1,3,1,1,410.8
86,Acer,1,2,4,10,5,330.0
87,Acer,1,1,3,4,1,599.0
88,Acer,1,1,3,4,1,682.0
89,Acer,1,5,3,6,1,655.0
90,Acer,1,1,3,3,3,298.0
91,Acer,4,7,3,10,5,389.0
92,Acer,1,2,3,6,1,636.0
93,Acer,1,1,6,3,1,479.0
94,Acer,5,7,3,10,5,355.0
95,Acer,1,1,3,3,3,367.0
96,Acer,1,2,1,6,1,619.0
97,Acer,1,2,1,4,1,902.0
98,Acer,5,7,3,10,5,297.0
99,Acer,1,1,3,15,5,359.0
100,Acer,1,1,3,3,1,499.0
101,Acer,1,1,3,1,1,619.0
102,Acer,3,4,2,7,1,2299.0
103,Apple,2,11,1,29,8,1165.0
104,Apple,2,5,1,12,7,2040.0
105,Apple,2,11,1,29,8,1279.0
106,Apple,2,5,1,12,7,1958.9
107,Apple,2,7,3,30,8,959.0
108,Apple,2,11,1,30,8,1300.0
109,Apple,2,11,1,30,8,1163.0
110,Apple,2,5,1,6,7,1339.69
111,Apple,2,5,1,4,7,1419.0
112,Apple,2,12,2,12,7,2858.0
113,Apple,2,5,1,30,8,998.0
114,Apple,2,5,1,4,7,1518.55
115,Apple,2,11,1,4,7,1262.4
116,Apple,2,12,2,4,7,2439.97
117,Apple,2,5,1,30,7,1158.7
118,Apple,2,12,2,30,8,2139.97
119,Apple,2,5,1,4,7,1803.6
120,Apple,2,5,1,31,8,1099.0
121,Apple,2,5,1,31,7,898.94
122,Apple,2,11,1,12,7,1510.0
123,Apple,2,12,2,12,7,2537.45
124,Asus,1,1,3,4,1,586.19
125,Asus,2,1,2,12,1,1983.0
126,Asus,3,4,8,7,1,1269.0
127,Asus,5,7,3,17,6,340.0
128,Asus,1,1,1,7,1,1224.0
129,Asus,1,2,1,4,1,941.0
130,Asus,5,7,4,10,1,245.0
131,Asus,3,1,8,12,1,2968.0
132,Asus,3,4,2,7,1,1504.0
133,Asus,1,1,1,7,1,1299.0
134,Asus,3,1,1,5,1,1649.0
135,Asus,1,2,3,10,1,298.0
136,Asus,2,1,2,7,1,1262.0
137,Asus,1,1,3,1,1,349.0
138,Asus,4,6,3,17,5,669.0
139,Asus,1,1,1,5,1,839.0
140,Asus,3,4,1,5,1,1770.0
141,Asus,3,1,1,5,1,1350.0
142,Asus,1,1,3,4,3,415.0
143,Asus,1,1,3,6,1,419.0
144,Asus,3,4,1,5,1,1168.0
145,Asus,2,2,1,4,1,1135.0
146,Asus,4,5,6,3,1,639.01
147,Asus,3,4,7,12,1,2799.0
148,Asus,2,2,2,12,1,1900.0
149,Asus,1,1,1,3,1,399.0
150,Asus,1,1,1,3,1,906.62
151,Asus,3,1,1,3,2,1169.0
152,Asus,1,1,3,1,3,224.0
153,Asus,4,1,1,3,1,739.0
154,Asus,1,4,3,3,1,466.0
155,Asus,1,1,5,5,1,1299.0
156,Asus,2,1,1,4,1,977.0
157,Asus,3,4,1,3,1,1187.0
158,Asus,2,1,2,12,1,1468.0
159,Asus,1,2,3,6,1,509.0
160,Asus,3,4,2,7,1,2122.0
161,Asus,3,1,1,5,1,1265.0
162,Asus,4,7,4,10,1,275.0
163,Asus,1,2,1,4,1,1094.0
164,Asus,2,1,1,4,1,1049.9
165,Asus,1,2,1,7,1,1334.0
166,Asus,3,1,1,4,1,999.0
167,Asus,1,1,3,3,3,274.99
168,Asus,4,7,3,10,1,375.0
169,Asus,1,2,1,4,1,945.0
170,Asus,4,1,5,23,1,1099.0
171,Asus,3,1,1,3,1,949.0
172,Asus,3,4,2,7,1,2199.0
173,Asus,1,1,3,1,1,304.0
174,Asus,1,1,1,3,1,749.0
175,Asus,3,4,5,3,3,949.0
176,Asus,3,4,1,7,1,1299.0
177,Asus,3,4,1,7,1,1695.0
178,Asus,1,1,1,3,3,597.0
179,Asus,2,6,2,12,1,1950.0
180,Asus,4,5,1,4,1,928.0
181,Asus,3,4,2,7,1,1529.0
182,Asus,3,4,2,7,1,1591.0
183,Asus,3,4,1,3,1,1039.0
184,Asus,2,5,2,12,1,1748.9
185,Asus,3,1,1,5,1,1655.0
186,Asus,1,2,3,10,1,286.0
187,Asus,2,2,1,12,1,1873.0
188,Asus,1,1,3,4,3,559.0
189,Asus,4,1,5,2,1,839.0
190,Asus,1,1,3,4,1,849.9
191,Asus,3,4,1,7,1,1599.0
192,Asus,5,7,4,10,1,191.9
193,Asus,3,4,2,5,1,2299.0
194,Asus,3,1,2,5,1,1339.0
195,Asus,3,4,1,5,1,1312.49
196,Asus,1,1,3,3,1,435.0
197,Asus,1,2,3,10,1,278.0
198,Asus,1,1,3,1,1,369.0
199,Asus,1,2,3,4,1,769.0
200,Asus,3,1,1,7,1,909.0
201,Asus,3,4,2,8,1,2150.0
202,Asus,3,1,1,3,1,1169.0
203,Asus,3,1,2,7,1,2449.0
204,Asus,1,1,2,5,1,1749.0
205,Asus,3,4,9,13,1,3975.0
206,Asus,3,4,2,7,1,1949.0
207,Asus,1,1,3,3,1,309.0
208,Asus,2,5,1,4,1,1280.0
209,Asus,3,1,2,7,1,1600.0
210,Asus,3,1,2,7,1,2325.0
211,Asus,1,1,3,3,1,339.0
212,Asus,3,4,2,5,1,1900.0
213,Asus,2,5,1,12,1,729.0
214,Asus,1,1,3,1,1,720.32
215,Asus,1,1,3,1,1,369.0
216,Asus,2,5,1,12,1,729.0
217,Asus,1,1,3,1,1,720.32
218,Asus,1,1,3,1,1,369.0
219,Asus,2,5,1,12,1,729.0
220,Asus,1,1,3,1,1,720.32
221,Asus,2,2,2,12,1,1495.0
222,Asus,1,1,3,3,2,579.0
223,Asus,3,4,2,3,2,998.0
224,Asus,3,1,2,7,1,1799.0
225,Asus,2,5,1,4,1,1129.0
226,Asus,1,1,1,3,3,522.99
227,Asus,1,4,3,3,1,470.34
228,Asus,3,4,2,7,1,1549.0
229,Asus,1,1,3,3,3,389.0
230,Asus,1,1,1,6,1,581.9
231,Asus,3,4,2,7,1,2350.0
232,Asus,3,1,1,5,1,1339.0
233,Asus,1,2,3,10,1,299.0
234,Asus,1,1,1,4,1,1099.0
235,Asus,4,5,1,4,1,1358.0
236,Asus,1,1,3,3,3,519.0
237,Asus,3,4,2,7,1,2419.0
238,Asus,1,1,1,33,1,590.0
239,Asus,5,7,3,15,5,287.9
240,Asus,3,4,2,8,1,1799.0
241,Asus,3,1,2,5,1,1899.0
242,Asus,1,1,1,4,1,787.0
243,Asus,1,1,3,3,1,449.0
244,Asus,1,1,3,3,3,398.99
245,Asus,1,15,3,10,1,348.0
246,Asus,3,4,5,5,1,1369.9
247,Asus,3,4,7,21,1,1279.0
248,Asus,1,2,4,10,1,199.0
249,Asus,1,4,3,3,1,530.0
250,Asus,4,6,1,17,5,1159.0
251,Asus,3,4,2,7,1,2049.9
252,Asus,4,1,2,23,1,1799.0
253,Asus,3,4,2,7,1,1749.0
254,Asus,1,5,1,4,1,1150.0
255,Asus,2,5,1,12,1,1026.0
256,Asus,4,5,1,39,1,1499.0
257,Asus,1,1,3,1,1,369.0
258,Asus,1,1,3,5,1,575.0
259,Asus,3,4,7,8,1,3890.0
260,Asus,1,4,1,19,1,891.0
261,Asus,1,2,3,18,6,277.99
262,Asus,3,4,2,4,1,2999.0
263,Asus,1,1,6,4,1,577.0
264,Asus,3,1,2,5,1,1449.0
265,Asus,1,1,3,3,1,398.99
266,Asus,1,4,1,5,1,1145.0
267,Asus,2,2,1,4,1,1193.0
268,Asus,3,1,1,3,1,699.0
269,Asus,1,1,1,4,1,769.0
270,Asus,1,1,1,4,1,1118.0
271,Asus,1,4,3,3,1,564.0
272,Asus,3,4,2,7,1,1407.0
273,Asus,1,4,1,5,2,889.0
274,Asus,4,5,1,4,1,1315.0
275,Asus,1,1,3,3,1,403.0
276,Asus,1,1,3,3,1,469.0
277,Asus,3,4,1,5,1,938.0
278,Asus,3,4,2,7,1,1799.0
279,Asus,2,2,1,4,1,1049.0
280,Asus,2,2,1,4,1,1099.0
281,Asus,1,1,3,3,1,344.0
282,Chuwi,1,1,3,17,1,244.99
283,Chuwi,1,8,6,17,1,449.0
284,Chuwi,1,1,3,17,1,248.9
285,Dell,1,2,1,4,1,1126.71
286,Dell,3,4,7,9,1,3659.4
287,Dell,1,5,3,1,1,849.0
288,Dell,1,1,1,5,1,719.0
289,Dell,4,5,3,3,1,649.0
290,Dell,1,1,2,12,1,2397.0
291,Dell,2,6,2,4,1,1859.0
292,Dell,4,4,5,3,1,999.0
293,Dell,1,1,1,3,3,589.52
294,Dell,1,1,5,3,1,649.0
295,Dell,4,5,1,3,1,659.0
296,Dell,1,1,1,5,1,1207.0
297,Dell,1,1,1,4,1,665.0
298,Dell,1,4,1,5,1,1085.0
299,Dell,3,1,2,7,1,2868.99
300,Dell,1,1,3,4,1,639.0
301,Dell,3,4,7,9,1,3588.8
302,Dell,3,1,1,3,1,1099.0
303,Dell,3,1,2,5,1,1099.0
304,Dell,1,1,1,6,1,945.0
305,Dell,1,4,1,3,3,865.0
306,Dell,1,1,3,4,1,739.0
307,Dell,1,1,1,6,1,713.99
308,Dell,3,4,7,8,1,3072.89
309,Dell,3,1,2,7,1,2774.63
310,Dell,1,1,1,3,1,459.0
311,Dell,1,4,1,5,1,979.0
312,Dell,1,2,3,1,1,585.0
313,Dell,1,2,3,1,1,755.0
314,Dell,3,4,2,5,1,2505.02
315,Dell,1,1,1,4,1,789.81
316,Dell,1,1,1,3,1,961.0
317,Dell,3,1,2,12,1,1679.0
318,Dell,5,7,3,6,1,744.0
319,Dell,1,1,1,4,1,1749.0
320,Dell,2,5,1,4,1,1499.0
321,Dell,1,1,1,4,1,739.0
322,Dell,1,1,1,6,1,810.0
323,Dell,3,1,1,4,1,985.0
324,Dell,1,1,2,22,3,1049.0
325,Dell,2,5,1,4,1,1399.0
326,Dell,1,1,1,4,1,1179.0
327,Dell,1,1,2,4,1,1181.27
328,Dell,3,1,2,7,1,1499.0
329,Dell,1,4,2,12,1,1549.0
330,Dell,1,1,2,12,1,1426.66
331,Dell,3,1,2,7,1,2813.75
332,Dell,1,2,1,4,3,1089.0
333,Dell,4,7,3,6,1,603.0
334,Dell,1,1,6,3,1,439.0
335,Dell,5,7,3,15,5,295.0
336,Dell,1,1,2,4,1,1537.39
337,Dell,1,1,1,1,1,1008.52
338,Dell,1,1,1,4,3,749.01
339,Dell,1,1,3,1,1,959.0
340,Dell,2,5,1,6,1,1599.0
341,Dell,2,5,1,4,1,1949.0
342,Dell,2,2,1,4,1,879.0
343,Dell,1,1,3,3,1,617.9
344,Dell,2,5,1,4,1,1449.0
345,Dell,4,6,1,4,1,1670.0
346,Dell,3,4,2,7,1,2699.0
347,Dell,1,2,3,6,1,735.87
348,Dell,2,5,1,4,1,1399.0
349,Dell,1,1,1,4,1,797.41
350,Dell,1,1,1,4,1,1369.0
351,Dell,1,1,1,3,3,599.9
352,Dell,3,4,2,5,1,3012.77
353,Dell,1,1,1,4,1,1377.0
354,Dell,1,1,3,1,1,585.0
355,Dell,1,4,1,5,3,889.0
356,Dell,1,2,1,4,1,1279.73
357,Dell,1,1,2,22,1,1219.24
358,Dell,1,1,1,3,1,836.0
359,Dell,1,1,1,4,1,1116.99
360,Dell,1,1,1,3,3,726.0
361,Dell,6,1,1,4,1,1763.0
362,Dell,1,1,3,3,3,465.0
363,Dell,1,1,1,4,1,795.0
364,Dell,3,1,1,3,1,819.0
365,Dell,1,1,3,3,1,545.67
366,Dell,1,5,1,3,1,649.0
367,Dell,3,1,2,5,1,2051.0
368,Dell,4,5,1,3,1,839.0
369,Dell,1,1,1,4,1,767.8
370,Dell,1,1,1,3,1,955.0
371,Dell,1,2,1,4,1,1229.0
372,Dell,3,4,7,8,1,3147.37
373,Dell,1,1,2,22,1,1135.0
374,Dell,1,1,1,4,1,919.0
375,Dell,1,4,2,22,1,1299.0
376,Dell,2,5,1,4,1,1449.9
377,Dell,2,5,1,4,1,1869.0
378,Dell,3,1,2,8,1,1845.0
379,Dell,3,1,2,7,1,1479.0
380,Dell,1,1,1,4,1,1820.0
381,Dell,1,1,3,4,3,485.0
382,Dell,1,1,3,3,1,776.0
383,Dell,1,1,3,6,3,569.0
384,Dell,1,1,3,1,3,869.0
385,Dell,1,1,3,3,3,359.0
386,Dell,1,1,3,3,3,443.9
387,Dell,3,1,2,3,1,879.01
388,Dell,6,1,2,7,1,3055.0
389,Dell,1,1,2,13,1,2399.0
390,Dell,2,5,2,12,1,2240.0
391,Dell,1,1,3,3,1,614.0
392,Dell,6,1,1,3,1,1778.0
393,Dell,4,1,2,12,1,1285.0
394,Dell,1,1,3,6,1,499.0
395,Dell,1,1,3,4,1,498.9
396,Dell,4,5,1,4,1,1199.0
397,Dell,2,5,1,4,3,1099.0
398,Dell,1,1,1,4,1,745.0
399,Dell,4,1,2,12,1,1179.0
400,Dell,1,1,1,4,3,895.01
401,Dell,3,1,1,5,1,1498.0
402,Dell,1,1,1,4,1,2250.68
403,Dell,3,1,1,3,1,1199.0
404,Dell,1,1,1,4,1,1009.9
405,Dell,1,1,1,3,1,784.0
406,Dell,1,1,3,1,3,523.63
407,Dell,2,5,1,4,1,1379.0
408,Dell,1,1,3,1,4,769.15
409,Dell,2,6,1,4,4,1413.1
410,Dell,2,5,1,6,1,979.0
411,Dell,2,6,3,6,4,1166.97
412,Dell,2,6,3,1,4,1135.15
413,Dell,1,1,1,3,1,638.8
414,Dell,2,5,3,4,1,818.35
415,Dell,3,1,2,12,1,1249.26
416,Dell,1,1,3,1,3,393.49
417,Dell,1,1,1,4,1,750.0
418,Dell,2,5,2,12,1,2680.0
419,Dell,1,1,3,1,1,481.98
420,Dell,1,1,1,4,1,889.0
421,Dell,1,1,3,3,1,449.0
422,Dell,1,1,1,3,3,805.99
423,Dell,1,1,4,1,1,379.0
424,Dell,1,1,6,3,1,459.0
425,Dell,2,5,1,4,1,1629.0
426,Dell,1,1,1,3,3,805.99
427,Dell,1,1,4,1,1,379.0
428,Dell,1,1,6,3,1,459.0
429,Dell,1,1,1,7,1,1130.33
430,Dell,1,1,1,3,3,805.99
431,Dell,1,1,4,1,1,379.0
432,Dell,1,1,6,3,1,459.0
433,Dell,1,1,3,1,1,490.0
434,Dell,1,1,3,1,1,443.99
435,Dell,1,1,3,1,3,324.0
436,Dell,4,5,1,4,1,1813.0
437,Dell,1,2,3,1,1,875.0
438,Dell,4,4,2,12,1,1799.0
439,Dell,1,1,3,1,4,737.0
440,Dell,1,4,2,22,1,1396.0
441,Dell,1,1,1,3,1,469.01
442,Dell,1,1,3,3,3,521.86
443,Dell,2,5,1,4,1,1477.0
444,Dell,4,10,3,1,1,509.0
445,Dell,2,6,1,4,4,1713.37
446,Dell,1,1,1,3,1,638.99
447,Dell,4,1,1,4,1,999.0
448,Dell,3,1,1,5,1,1060.49
449,Dell,3,1,2,7,1,1329.0
450,Dell,3,1,1,11,1,899.0
451,Dell,4,5,1,4,1,1899.0
452,Dell,3,4,2,8,1,3154.0
453,Dell,2,2,1,4,1,1775.0
454,Dell,1,4,3,3,1,659.0
455,Dell,2,6,1,4,1,1472.2
457,Dell,2,2,1,4,1,1639.0
458,Dell,1,1,3,3,1,558.6
459,Dell,1,1,3,3,1,708.06
460,Dell,1,1,3,1,1,729.9
461,Dell,1,1,3,3,1,684.99
462,Dell,3,1,2,5,1,1349.0
463,Dell,1,1,1,4,1,728.0
464,Dell,1,2,1,4,1,1205.0
465,Dell,4,5,2,4,1,1649.0
466,Dell,4,5,1,12,1,2013.1
467,Dell,1,1,1,1,1,935.0
468,Dell,2,5,1,4,1,931.88
469,Dell,3,1,1,3,3,929.0
471,Dell,1,1,1,3,3,647.0
472,Dell,1,1,3,3,3,455.7
473,Dell,1,1,3,1,1,369.0
474,Dell,1,1,3,5,1,912.5
475,Dell,2,6,1,4,1,1690.0
476,Dell,2,5,1,4,1,1268.0
477,Dell,4,5,1,4,1,798.01
478,Dell,2,1,1,21,1,1298.0
479,Dell,1,1,3,3,3,465.62
480,Dell,2,5,1,4,1,1458.0
481,Dell,1,1,2,2,1,989.99
482,Dell,1,1,3,3,1,559.0
483,Dell,4,5,5,4,1,1299.0
484,Dell,4,5,1,4,1,819.0
485,Dell,2,5,2,13,1,2254.0
486,Dell,4,1,1,4,1,1094.0
487,Dell,1,1,1,4,4,1062.95
488,Dell,2,5,1,4,1,1624.0
489,Dell,1,1,1,1,1,1046.44
490,Dell,4,1,3,3,1,795.99
491,Dell,3,1,1,11,1,949.0
492,Dell,1,1,3,6,1,547.0
493,Dell,1,1,3,3,1,418.64
494,Dell,4,5,1,4,1,889.0
495,Dell,1,2,1,6,1,1119.0
496,Dell,1,1,1,3,1,749.0
497,Dell,1,1,3,1,1,599.0
498,Dell,4,1,5,12,1,1299.0
499,Dell,4,1,1,4,1,1049.0
500,Dell,3,4,7,7,1,2800.0
502,Dell,4,5,2,12,1,1899.0
503,Dell,3,4,7,7,1,3149.0
504,Dell,1,1,3,1,1,825.0
505,Dell,1,1,1,4,1,800.0
506,Dell,2,5,1,6,1,899.0
507,Dell,2,5,1,4,1,1379.0
508,Dell,1,1,1,4,1,870.0
509,Dell,1,5,3,6,1,689.0
510,Dell,1,1,1,2,1,759.0
511,Dell,1,1,3,4,3,598.9
512,Dell,1,1,1,27,1,970.9
513,Dell,3,1,1,3,1,999.0
514,Dell,2,5,1,4,1,1841.85
515,Dell,1,1,1,2,1,557.37
516,Dell,1,2,1,4,1,1427.0
517,Dell,1,2,1,6,1,740.0
518,Dell,6,1,1,4,1,2408.0
519,Dell,2,5,1,4,1,1649.0
520,Dell,4,1,1,3,1,819.0
521,Dell,1,1,1,3,1,675.0
522,Dell,1,4,1,5,1,1085.0
523,Dell,6,4,2,4,1,2884.86
524,Dell,1,1,1,12,1,1262.0
525,Dell,1,1,3,3,1,586.6
526,Dell,1,1,1,4,1,1829.0
527,Dell,1,1,1,4,1,899.0
528,Dell,2,2,1,12,1,1680.0
529,Dell,4,5,1,4,1,869.01
530,Dell,3,1,2,5,1,1349.0
531,Dell,6,1,2,12,1,2338.0
532,Dell,1,1,2,12,1,2027.42
533,Dell,1,1,3,3,3,428.0
534,Dell,2,1,1,3,1,663.0
535,Dell,1,1,1,3,1,539.95
536,Dell,1,2,1,4,1,1179.0
537,Dell,3,1,1,4,1,879.0
538,Dell,1,1,7,13,1,2639.0
539,Dell,2,1,1,5,1,1049.0
540,Dell,1,1,1,27,1,985.0
541,Dell,1,1,1,5,1,855.0
542,Dell,1,1,3,4,1,749.0
543,Dell,6,1,2,4,1,1975.0
544,Dell,1,1,2,3,1,859.01
545,Dell,1,1,1,4,1,1142.75
546,Dell,1,1,1,5,1,979.0
547,Dell,1,1,3,1,3,274.9
548,Dell,4,7,3,1,1,479.0
549,Dell,1,4,1,3,1,2046.0
550,Dell,1,1,1,5,1,844.0
551,Dell,2,1,1,4,1,1096.16
552,Dell,2,5,2,13,1,2499.0
553,Dell,2,2,1,4,3,1099.0
554,Dell,1,1,1,22,1,1142.4
555,Dell,3,1,1,5,1,1159.0
557,Dell,3,4,2,7,1,2456.34
558,Dell,2,5,1,4,1,1579.0
559,Dell,2,1,2,28,1,1607.96
560,Dell,2,5,1,4,1,955.0
561,Dell,6,1,1,32,1,1993.0
562,Dell,1,1,2,12,1,1899.0
563,Dell,1,1,1,3,1,565.0
564,Dell,4,1,1,4,1,799.0
565,Dell,6,1,1,1,1,1369.0
566,Dell,6,1,1,4,1,2712.0
567,Dell,3,1,1,4,1,1195.0
568,Dell,2,2,1,4,1,1149.0
569,Dell,4,5,2,12,1,1279.0
570,Dell,1,1,1,4,3,677.35
571,Dell,2,5,1,4,1,949.0
572,Dell,1,1,1,4,3,778.87
573,Dell,1,1,1,4,3,735.07
574,Dell,1,1,5,3,1,713.07
575,Dell,1,4,1,5,3,1099.0
576,Dell,6,1,1,4,1,2135.0
577,Dell,1,1,2,4,3,899.0
578,Dell,1,1,3,3,1,657.0
579,Dell,1,2,1,4,1,859.0
580,Dell,1,4,1,5,1,1142.0
581,Dell,1,1,3,1,1,309.0
582,Fujitsu,1,1,1,3,1,739.0
583,Fujitsu,1,1,1,4,1,799.0
584,Fujitsu,1,1,3,4,1,649.0
588,HP,4,5,1,4,1,2277.0
589,HP,1,1,6,4,1,619.0
590,HP,2,5,1,4,1,1349.0
591,HP,1,2,1,4,1,1049.26
592,HP,2,2,1,4,4,1449.0
593,HP,1,1,3,6,2,299.0
594,HP,2,2,1,12,1,1468.0
595,HP,1,1,1,4,1,1228.99
596,HP,1,2,3,4,1,1205.0
597,HP,2,2,3,4,1,1082.0
598,HP,1,2,3,4,1,1099.99
599,HP,1,2,3,1,1,779.0
600,HP,1,4,6,2,1,699.0
601,HP,1,1,1,4,1,539.0
602,HP,1,1,3,1,1,742.0
603,HP,1,5,1,4,1,1189.0
604,HP,1,2,3,1,1,684.0
605,HP,2,6,1,4,1,1349.0
606,HP,6,4,2,4,4,4389.0
607,HP,1,1,1,3,1,716.0
608,HP,1,1,1,4,1,1900.0
609,HP,1,4,6,2,1,655.01
610,HP,2,2,1,12,1,2089.0
611,HP,2,1,3,4,1,499.0
612,HP,1,2,3,1,1,1060.0
613,HP,1,1,3,1,1,349.0
614,HP,1,4,1,4,1,1080.0
615,HP,1,4,1,4,1,1200.0
616,HP,1,2,3,1,1,1189.0
617,HP,4,5,1,4,1,836.6
618,HP,1,2,3,4,1,973.0
619,HP,2,6,3,4,1,1559.0
620,HP,1,1,3,4,1,839.0
621,HP,4,5,1,4,1,2559.0
622,HP,1,1,1,4,1,719.0
623,HP,1,1,1,4,1,1144.0
624,HP,1,2,1,4,1,1185.43
625,HP,2,1,1,4,1,659.0
626,HP,1,5,1,4,1,1149.0
627,HP,1,2,1,4,4,1195.0
628,HP,1,5,3,1,1,754.0
629,HP,1,1,3,3,1,489.0
630,HP,1,1,3,1,1,347.0
631,HP,1,1,6,5,1,650.0
632,HP,3,1,1,5,1,1099.0
633,HP,1,2,1,4,1,2229.0
634,HP,1,1,3,4,1,769.99
635,HP,1,1,1,5,1,1099.0
636,HP,1,5,3,1,1,800.0
637,HP,1,1,1,4,1,1349.0
638,HP,6,1,2,4,1,2419.0
639,HP,2,2,1,4,1,1887.21
640,HP,1,2,3,4,1,1590.0
641,HP,2,6,3,1,1,1539.0
642,HP,4,5,3,4,1,1700.0
643,HP,1,1,1,4,1,1427.0
644,HP,3,4,5,7,1,1999.0
645,HP,1,4,1,3,1,896.0
646,HP,1,1,3,3,1,469.0
647,HP,6,1,1,4,1,2064.9
648,HP,1,1,1,4,1,690.0
649,HP,5,6,1,12,1,1483.0
650,HP,1,1,1,2,1,389.0
651,HP,1,4,3,1,1,439.0
652,HP,2,5,1,4,1,1119.0
653,HP,3,4,1,5,1,1399.0
654,HP,5,6,1,4,1,1389.0
655,HP,1,1,3,1,1,330.0
656,HP,1,5,2,12,1,1197.0
657,HP,3,1,5,5,1,1249.0
658,HP,1,1,1,2,1,629.0
659,HP,2,2,1,4,1,1750.0
660,HP,5,6,1,4,1,1669.0
661,HP,3,4,5,3,1,1749.0
662,HP,1,1,3,3,2,288.9
663,HP,2,6,3,1,1,1579.0
664,HP,2,6,1,20,1,3100.0
665,HP,1,2,3,1,1,1149.0
666,HP,1,1,1,4,1,1165.0
667,HP,1,1,1,4,1,1018.99
668,HP,5,7,3,15,5,385.0
669,HP,2,5,1,4,1,1149.0
670,HP,1,5,1,4,1,960.0
671,HP,1,1,3,4,1,488.99
672,HP,6,1,1,38,1,2249.0
673,HP,1,1,1,3,1,639.0
674,HP,1,1,3,1,1,439.0
675,HP,3,4,1,5,1,1191.0
676,HP,4,7,3,10,5,615.0
677,HP,1,1,3,5,1,499.0
678,HP,4,1,3,1,1,684.8
679,HP,2,2,1,12,4,1870.0
680,HP,2,1,1,4,1,1296.99
681,HP,5,6,1,12,1,1908.0
682,HP,1,1,1,3,1,806.0
683,HP,1,2,4,10,1,279.0
684,HP,1,4,1,3,1,910.0
685,HP,2,2,1,4,1,1500.0
686,HP,2,6,3,4,1,1244.0
687,HP,4,5,3,4,1,1799.0
688,HP,1,1,6,3,1,579.0
689,HP,6,1,1,4,4,1561.0
690,HP,1,1,1,5,1,979.0
691,HP,1,2,3,6,1,1265.0
692,HP,4,5,2,4,1,1399.0
693,HP,1,1,1,4,1,1304.0
694,HP,6,1,1,4,1,1738.27
695,HP,1,1,3,1,1,685.0
696,HP,1,4,1,4,1,923.0
697,HP,1,1,1,3,1,846.5
698,HP,1,1,1,4,1,879.0
699,HP,1,2,1,4,1,1268.0
700,HP,4,5,1,4,1,1499.0
701,HP,1,1,1,3,1,900.0
702,HP,4,7,3,4,1,775.0
703,HP,1,1,3,3,1,488.69
704,HP,1,4,2,3,1,1059.0
705,HP,1,1,1,3,1,1269.0
706,HP,2,5,1,12,1,1323.0
707,HP,1,2,3,1,1,1000.0
708,HP,1,5,3,6,1,726.0
709,HP,1,4,1,3,1,489.0
710,HP,1,1,1,4,1,579.0
711,HP,1,2,1,4,1,988.0
712,HP,1,1,1,3,1,598.0
713,HP,1,1,3,1,2,344.99
714,HP,1,2,1,4,1,860.0
715,HP,1,1,6,4,1,649.0
716,HP,1,2,1,2,1,389.0
717,HP,6,4,1,1,1,1860.99
718,HP,1,1,3,1,2,393.9
719,HP,1,1,6,3,1,529.0
720,HP,1,4,1,4,1,928.0
722,HP,1,1,3,3,1,478.0
723,HP,1,5,3,6,1,719.0
724,HP,1,1,5,5,1,1327.0
725,HP,3,4,2,7,1,1498.0
726,HP,1,1,3,1,1,485.0
727,HP,1,1,3,1,1,297.0
728,HP,4,5,2,4,1,1975.0
729,HP,1,1,3,4,1,478.89
731,HP,3,1,1,3,1,899.0
732,HP,1,1,3,1,2,476.99
733,HP,1,5,3,1,1,675.0
735,HP,1,1,3,1,1,668.48
736,HP,1,2,4,10,1,249.0
737,HP,1,1,1,4,1,679.0
738,HP,1,1,2,12,1,1159.0
739,HP,1,1,3,1,1,650.0
740,HP,1,1,6,3,1,799.0
741,HP,1,2,6,4,1,659.0
742,HP,1,5,3,4,1,699.0
743,HP,1,1,1,4,1,1219.0
744,HP,1,2,1,4,1,1010.51
745,HP,1,1,6,6,1,568.9
746,HP,2,1,1,4,1,699.0
747,HP,1,1,6,11,1,549.99
748,HP,1,1,1,4,1,618.99
749,HP,1,1,3,6,1,689.0
750,HP,5,7,4,10,1,209.0
751,HP,2,5,1,4,1,1399.0
752,HP,1,2,1,12,1,1084.0
753,HP,1,1,3,1,2,349.0
754,HP,1,1,1,4,1,889.0
755,HP,1,1,6,3,1,764.0
756,HP,1,1,3,3,1,521.47
757,HP,4,5,1,4,1,1398.99
758,HP,1,1,3,1,1,722.0
759,HP,1,2,3,1,1,722.0
760,HP,1,1,6,11,1,549.99
761,HP,5,7,4,10,1,209.0
762,HP,1,2,1,4,1,1031.0
763,HP,1,1,1,4,2,575.0
764,HP,1,1,1,6,1,445.9
765,HP,1,2,1,13,1,1749.0
766,HP,1,2,3,4,4,1099.99
767,HP,1,4,1,3,1,1280.0
768,HP,1,4,1,3,1,544.15
769,HP,1,1,3,1,2,259.0
770,HP,1,1,3,1,1,399.0
771,HP,1,1,3,1,1,397.0
772,HP,1,4,2,12,1,1271.0
773,HP,1,2,1,3,1,812.0
774,HP,1,1,3,6,1,705.5
775,HP,2,5,1,4,1,1145.0
776,HP,1,1,6,11,1,549.99
777,HP,3,4,5,3,1,1799.0
778,HP,1,1,3,4,1,398.99
779,HP,5,7,4,10,1,209.0
780,HP,1,4,1,3,1,1018.0
781,HP,1,1,6,3,1,764.0
782,HP,1,1,1,4,1,598.99
783,HP,4,5,1,12,1,1999.0
784,HP,1,1,1,1,1,1154.0
785,HP,3,4,5,3,1,1699.0
786,HP,4,7,1,17,5,495.0
787,HP,1,4,1,3,1,914.0
788,HP,1,5,1,4,1,1090.0
789,HP,4,2,3,6,1,699.0
790,HP,1,1,3,1,4,940.0
791,HP,2,5,2,12,1,2049.0
793,HP,1,2,3,1,4,1030.99
794,HP,6,1,1,4,4,1495.0
795,HP,1,5,3,10,5,615.0
796,HP,1,1,1,3,1,745.0
797,HP,1,1,1,3,1,559.0
798,HP,1,1,3,3,2,345.99
799,HP,1,1,6,3,1,539.0
800,HP,1,2,1,4,1,1292.0
801,HP,2,6,1,4,4,1199.0
802,HP,1,5,1,12,1,1103.0
803,HP,1,1,3,1,1,1199.0
804,HP,6,1,1,12,1,1534.0
805,HP,1,1,1,19,1,2103.34
806,HP,1,2,1,4,4,1469.0
807,HP,1,1,1,3,1,979.0
808,HP,1,1,3,1,1,689.0
809,HP,1,1,3,4,1,979.0
810,HP,1,1,3,1,1,705.15
811,HP,1,1,3,1,2,499.0
812,HP,1,1,1,4,4,1579.0
813,HP,1,1,1,4,1,1070.0
814,HP,2,6,1,4,1,1335.0
815,HP,1,1,3,4,1,398.49
816,HP,1,4,6,2,1,569.0
817,HP,1,1,3,1,2,258.0
818,HP,1,1,3,1,1,910.0
819,HP,1,1,1,6,1,589.0
820,HP,1,4,3,4,1,699.0
821,HP,6,4,1,1,1,1907.99
822,HP,1,4,1,5,1,977.0
823,HP,5,6,3,6,4,1599.0
824,HP,1,2,1,4,1,980.0
825,HP,3,4,1,5,1,1129.0
826,HP,1,1,1,2,1,629.0
827,HP,1,1,3,4,1,369.0
828,HP,2,1,1,4,1,752.0
829,HP,1,1,1,3,1,794.0
830,HP,6,4,1,4,4,3949.4
831,HP,2,1,1,4,4,2171.72
832,HP,1,1,3,3,1,500.0
833,HP,4,5,1,4,1,1629.0
834,HP,1,1,3,1,1,438.69
835,HP,6,1,1,4,4,2229.0
836,HP,1,2,1,4,1,1124.0
838,HP,6,1,1,4,4,1899.0
839,HP,2,1,1,12,1,1389.0
840,HP,2,6,1,4,4,2296.95
841,HP,1,1,3,1,4,932.0
842,HP,1,4,1,4,1,1045.0
843,HP,2,6,1,4,4,1895.0
844,HP,1,1,3,3,1,469.0
845,HP,4,5,2,13,1,2449.0
846,HP,1,1,3,1,2,364.9
847,HP,6,4,1,3,4,2899.0
848,HP,1,4,1,4,1,639.9
849,HP,1,1,6,3,1,764.0
850,HP,1,1,3,3,1,398.0
851,HP,1,2,3,14,1,229.0
852,HP,1,1,3,6,1,439.0
853,HP,1,5,1,4,1,1699.0
854,HP,1,5,1,12,1,959.0
855,HP,3,4,2,7,1,1379.0
856,HP,1,3,1,3,1,520.9
857,HP,2,6,1,12,1,2014.0
858,HP,1,5,1,4,1,1690.0
859,HP,1,2,1,4,4,1513.0
860,HP,2,5,1,12,1,1969.0
861,HP,1,1,3,1,1,612.61
864,LG,2,2,1,12,1,1899.0
865,LG,2,1,2,12,1,2099.0
866,LG,2,1,1,12,1,2299.0
867,Lenovo,1,1,1,5,1,817.95
868,Lenovo,3,1,2,7,1,1179.0
869,Lenovo,1,4,1,3,2,539.0
870,Lenovo,4,5,1,12,1,1499.0
871,Lenovo,3,1,1,5,1,1272.0
872,Lenovo,1,2,3,10,1,292.0
873,Lenovo,2,6,1,4,1,1713.49
874,Lenovo,1,1,1,2,2,519.0
875,Lenovo,1,2,3,4,1,699.0
876,Lenovo,1,1,1,4,1,1097.0
878,Lenovo,1,1,1,4,1,1529.0
879,Lenovo,1,1,3,6,1,498.0
880,Lenovo,1,1,3,1,1,344.0
881,Lenovo,1,1,3,1,1,318.0
882,Lenovo,1,4,1,24,1,659.0
883,Lenovo,1,1,3,3,1,977.0
884,Lenovo,1,2,3,1,1,990.0
885,Lenovo,1,1,3,1,1,535.0
886,Lenovo,1,4,3,3,1,589.0
887,Lenovo,1,1,3,3,1,414.9
888,Lenovo,3,1,1,5,1,999.0
889,Lenovo,1,1,1,4,1,830.0
890,Lenovo,1,2,1,36,4,1199.0
891,Lenovo,1,2,1,4,1,1345.0
892,Lenovo,1,1,1,3,2,659.01
893,Lenovo,3,1,1,3,2,1017.0
894,Lenovo,4,5,1,4,1,1034.0
896,Lenovo,3,4,7,25,1,3240.0
898,Lenovo,1,1,3,6,1,349.0
899,Lenovo,1,1,3,1,1,540.0
900,Lenovo,1,1,3,6,1,399.0
901,Lenovo,4,17,1,4,1,1079.0
903,Lenovo,4,2,2,12,1,1749.0
904,Lenovo,3,1,1,5,1,1249.0
905,Lenovo,1,4,6,5,1,859.0
906,Lenovo,1,1,3,6,1,349.0
907,Lenovo,1,2,1,4,1,857.07
908,Lenovo,2,6,1,4,1,1429.0
909,Lenovo,1,1,3,1,1,298.0
910,Lenovo,1,1,3,6,1,630.0
912,Lenovo,2,2,1,4,1,1499.0
913,Lenovo,2,6,2,12,1,1798.0
914,Lenovo,1,1,3,3,2,489.9
915,Lenovo,1,4,1,3,1,519.0
916,Lenovo,1,4,1,2,2,849.0
917,Lenovo,1,1,1,3,2,709.0
919,Lenovo,1,2,1,4,1,1191.0
920,Lenovo,1,1,3,1,1,419.0
921,Lenovo,6,1,2,12,4,1855.0
922,Lenovo,5,6,2,12,1,1650.0
923,Lenovo,1,1,3,3,1,449.0
924,Lenovo,1,4,1,4,2,698.0
925,Lenovo,1,1,3,6,1,565.0
926,Lenovo,1,2,1,4,1,1049.0
928,Lenovo,1,1,6,4,1,579.0
929,Lenovo,3,4,2,5,1,2289.99
930,Lenovo,3,1,1,4,1,829.0
931,Lenovo,1,1,3,4,1,399.0
932,Lenovo,1,1,1,3,1,429.0
933,Lenovo,1,1,3,37,1,621.45
934,Lenovo,1,1,1,4,1,1049.6
935,Lenovo,3,1,2,5,1,1029.0
936,Lenovo,4,1,3,4,1,847.0
937,Lenovo,1,1,3,1,2,450.0
938,Lenovo,1,4,1,4,1,2999.0
939,Lenovo,1,1,3,1,1,685.0
940,Lenovo,3,1,1,5,1,1196.0
941,Lenovo,1,1,3,1,1,299.0
942,Lenovo,4,1,1,4,1,1299.0
943,Lenovo,1,1,1,3,2,599.0
944,Lenovo,1,1,7,13,1,4899.0
945,Lenovo,1,1,3,3,2,339.0
948,Lenovo,1,2,1,36,1,1364.0
949,Lenovo,3,1,2,8,1,1749.0
950,Lenovo,1,4,6,3,1,649.0
951,Lenovo,1,1,5,12,1,949.0
952,Lenovo,1,2,1,4,4,1465.0
953,Lenovo,1,1,1,3,1,899.0
954,Lenovo,3,1,2,12,2,1398.0
956,Lenovo,1,1,5,3,1,609.0
957,Lenovo,1,1,3,3,2,359.99
958,Lenovo,3,1,1,3,1,819.0
959,Lenovo,1,1,6,3,1,564.0
960,Lenovo,2,2,5,12,4,2299.0
961,Lenovo,1,1,3,1,2,398.0
962,Lenovo,1,1,3,11,4,825.0
963,Lenovo,1,1,1,3,1,459.0
964,Lenovo,4,5,1,12,1,2025.0
965,Lenovo,3,1,2,12,1,1305.0
966,Lenovo,1,2,1,4,1,1474.0
967,Lenovo,1,1,3,3,1,468.0
968,Lenovo,1,1,1,4,1,1390.0
969,Lenovo,1,4,3,1,2,529.0
970,Lenovo,1,1,1,3,1,459.0
972,Lenovo,2,1,6,4,1,831.0
973,Lenovo,2,2,1,4,4,1499.0
974,Lenovo,1,1,1,2,2,549.0
975,Lenovo,1,1,1,11,1,788.49
976,Lenovo,1,2,1,4,1,1116.02
977,Lenovo,1,4,2,12,4,2968.0
978,Lenovo,1,1,1,5,1,819.0
979,Lenovo,1,1,2,11,1,1099.0
980,Lenovo,2,2,2,12,1,2450.0
982,Lenovo,1,2,3,10,1,274.0
983,Lenovo,1,1,3,6,1,429.0
984,Lenovo,1,1,3,3,2,368.0
985,Lenovo,3,1,1,3,1,1299.0
986,Lenovo,2,6,1,4,1,1584.0
987,Lenovo,4,1,3,4,1,867.0
988,Lenovo,1,1,1,4,1,739.0
989,Lenovo,3,1,2,12,1,1199.0
990,Lenovo,1,1,1,1,2,629.0
991,Lenovo,1,5,3,15,5,459.9
992,Lenovo,1,1,3,3,2,252.36
993,Lenovo,4,17,1,12,1,1849.0
994,Lenovo,3,4,7,7,1,2663.0
995,Lenovo,3,4,2,26,1,2749.99
996,Lenovo,1,1,3,6,2,468.0
997,Lenovo,1,1,6,3,1,499.0
998,Lenovo,3,1,1,5,1,1109.0
999,Lenovo,1,1,1,3,2,499.0
1000,Lenovo,1,1,1,4,1,2090.0
1001,Lenovo,1,1,3,6,1,493.0
1002,Lenovo,4,2,1,12,4,2050.38
1003,Lenovo,1,2,1,12,2,799.0
1004,Lenovo,1,1,3,4,1,829.0
1005,Lenovo,3,1,1,5,2,989.0
1006,Lenovo,1,1,3,3,1,579.0
1008,Lenovo,4,2,1,4,1,1669.0
1009,Lenovo,1,2,4,10,1,249.0
1010,Lenovo,1,5,1,4,1,999.0
1011,Lenovo,4,5,1,4,1,1757.42
1012,Lenovo,1,1,3,3,1,549.0
1013,Lenovo,2,2,5,4,1,1673.0
1014,Lenovo,1,1,3,3,2,499.0
1015,Lenovo,1,5,1,4,1,960.0
1017,Lenovo,1,1,3,3,1,779.0
1018,Lenovo,4,17,1,4,1,1599.0
1019,Lenovo,3,1,1,7,1,1399.0
1020,Lenovo,5,7,3,6,1,553.0
1021,Lenovo,4,2,3,6,1,638.0
1022,Lenovo,2,2,1,12,1,2499.0
1023,Lenovo,1,5,3,6,1,881.0
1025,Lenovo,2,2,1,30,1,1875.0
1026,Lenovo,1,1,6,4,1,789.0
1027,Lenovo,1,2,4,17,1,229.0
1028,Lenovo,1,1,1,7,1,1144.5
1029,Lenovo,1,2,3,17,1,249.0
1030,Lenovo,1,1,1,5,1,789.0
1031,Lenovo,1,1,1,4,2,549.0
1033,Lenovo,1,1,3,1,1,489.9
1034,Lenovo,1,2,1,4,4,1340.0
1035,Lenovo,1,1,3,3,1,799.0
1036,Lenovo,4,5,1,12,1,1825.0
1037,Lenovo,1,5,2,12,1,1499.0
1038,Lenovo,3,1,1,5,2,809.0
1040,Lenovo,1,2,4,17,1,229.0
1041,Lenovo,1,1,3,1,1,409.0
1042,Lenovo,1,1,3,3,1,609.0
1043,Lenovo,1,1,3,3,2,467.0
1044,Lenovo,1,1,3,3,1,306.0
1046,Lenovo,1,1,1,4,1,911.0
1047,Lenovo,1,1,3,3,1,309.0
1048,Lenovo,1,1,1,2,2,459.0
1049,Lenovo,1,4,3,6,1,489.0
1050,Lenovo,2,2,1,4,1,1859.0
1051,Lenovo,2,6,1,4,1,1650.0
1052,Lenovo,1,1,1,3,1,899.0
1053,Lenovo,1,5,1,4,1,949.0
1054,Lenovo,6,1,1,12,1,1925.0
1055,Lenovo,1,1,1,12,1,1962.99
1056,Lenovo,1,2,3,1,1,299.0
1057,Lenovo,1,1,1,4,1,1229.56
1058,Lenovo,2,2,1,4,1,1903.0
1059,Lenovo,3,1,1,7,2,1149.0
1060,Lenovo,1,1,3,3,2,469.0
1061,Lenovo,4,5,1,4,1,1399.0
1062,Lenovo,1,1,1,3,1,850.66
1064,Lenovo,4,2,3,6,1,638.0
1065,Lenovo,1,5,3,36,1,735.0
1067,Lenovo,1,1,3,3,2,479.0
1068,Lenovo,1,1,3,1,1,1055.0
1069,Lenovo,1,2,4,17,1,229.0
1070,Lenovo,3,1,2,7,1,1499.0
1071,Lenovo,4,5,1,4,1,1950.0
1072,Lenovo,4,1,1,12,1,1699.0
1073,Lenovo,1,1,1,3,1,669.0
1074,Lenovo,1,2,1,4,1,938.0
1075,Lenovo,1,1,3,1,2,309.0
1076,Lenovo,3,1,2,4,1,1079.0
1077,Lenovo,1,2,1,4,1,1186.0
1078,Lenovo,1,1,3,6,2,403.5
1079,Lenovo,1,2,1,4,1,1650.0
1081,Lenovo,1,2,1,4,1,1099.0
1082,Lenovo,1,1,3,4,2,444.0
1083,Lenovo,2,2,1,30,1,2049.0
1084,Lenovo,5,7,3,16,5,265.0
1085,Lenovo,1,5,1,4,1,949.0
1086,Lenovo,1,1,1,3,1,899.0
1087,Lenovo,1,2,3,15,5,325.0
1088,Lenovo,1,4,3,1,1,379.0
1089,Lenovo,1,4,1,3,2,589.0
1091,Lenovo,1,5,3,6,1,549.0
1092,Lenovo,2,2,1,4,1,1799.0
1094,Lenovo,1,7,4,10,1,304.45
1095,Lenovo,4,16,1,4,1,1299.0
1096,Lenovo,1,1,1,4,1,1349.0
1097,Lenovo,1,1,3,6,2,270.62
1098,Lenovo,3,1,1,5,1,1048.0
1099,Lenovo,1,1,1,4,2,573.0
1100,Lenovo,4,1,2,12,1,1899.0
1101,Lenovo,3,1,2,22,1,1129.0
1102,Lenovo,3,1,1,5,1,1189.0
1103,Lenovo,1,1,3,6,1,499.0
1104,Lenovo,2,2,1,4,1,1215.38
1105,Lenovo,1,1,1,12,1,1729.0
1106,Lenovo,1,1,6,6,1,569.0
1107,Lenovo,1,1,6,4,1,549.0
1108,Lenovo,1,2,1,4,1,1072.0
1110,Lenovo,4,2,3,6,1,638.0
1111,Lenovo,4,17,2,12,1,2099.0
1112,Lenovo,1,1,2,12,4,2370.0
1113,Lenovo,4,2,3,4,1,629.0
1114,Lenovo,3,1,1,4,2,779.0
1115,Lenovo,1,1,2,12,1,2449.0
1116,Lenovo,1,1,6,4,1,597.57
1117,Lenovo,1,1,3,6,2,369.0
1118,Lenovo,6,1,2,12,1,2445.0
1119,Lenovo,1,2,3,6,1,599.0
1120,Lenovo,1,4,3,3,1,489.0
1121,Lenovo,4,2,1,4,1,999.0
1122,Lenovo,6,1,2,13,1,3299.0
1123,Lenovo,1,5,1,4,1,1010.0
1124,Lenovo,1,4,6,5,1,949.0
1125,Lenovo,4,2,1,4,1,899.0
1126,Lenovo,1,1,5,2,1,899.0
1127,Lenovo,1,1,1,4,1,1011.99
1128,Lenovo,5,7,3,6,1,475.0
1129,Lenovo,2,2,3,36,1,1096.0
1131,Lenovo,4,17,2,12,1,1849.0
1132,Lenovo,1,1,3,3,2,462.35
1133,Lenovo,1,1,1,4,2,629.0
1134,Lenovo,4,1,1,4,1,959.0
1135,Lenovo,1,2,3,35,4,1002.0
1137,Lenovo,1,1,1,6,1,589.0
1138,Lenovo,2,2,1,4,1,1488.99
1139,Lenovo,1,4,6,5,1,719.0
1140,Lenovo,4,5,1,12,1,1970.0
1141,Lenovo,1,1,1,4,1,880.0
1142,Lenovo,2,6,1,36,1,1099.0
1143,Lenovo,4,17,1,4,1,1349.0
1144,Lenovo,1,1,1,4,2,499.0
1145,Lenovo,1,1,1,3,2,685.0
1146,Lenovo,1,1,1,4,1,898.9
1147,Lenovo,3,1,2,8,1,999.0
1148,Lenovo,1,1,1,5,1,813.0
1149,Lenovo,1,2,1,4,1,859.0
1150,Lenovo,3,1,1,4,2,869.0
1151,Lenovo,1,1,6,4,1,695.0
1152,Lenovo,1,1,1,11,4,895.0
1153,Lenovo,1,1,1,3,2,329.0
1154,Lenovo,1,1,1,3,1,899.0
1155,Lenovo,1,2,3,1,1,785.0
1156,Lenovo,2,2,2,12,1,2299.0
1157,Lenovo,1,1,3,3,2,321.99
1158,Lenovo,1,1,1,4,1,597.0
1159,Lenovo,1,2,1,4,1,1480.0
1160,Lenovo,1,2,1,4,2,599.0
1161,Lenovo,3,1,3,3,1,999.0
1162,Lenovo,2,6,1,4,1,1760.0
1163,Lenovo,4,2,3,6,1,833.01
1164,MSI,3,1,1,5,1,1229.0
1165,MSI,3,1,1,5,1,1169.0
1166,MSI,3,4,2,7,1,1948.99
1167,MSI,3,1,1,5,1,1476.11
1168,MSI,3,1,1,5,1,1149.0
1169,MSI,3,1,2,5,1,2153.37
1170,MSI,3,1,2,22,1,2241.5
1171,MSI,3,4,2,7,1,2048.9
1172,MSI,3,4,2,7,1,1598.0
1173,MSI,3,1,2,7,1,1299.0
1174,MSI,3,4,2,8,1,2729.0
1175,MSI,3,4,2,5,1,2349.0
1176,MSI,3,4,2,8,1,2499.0
1177,MSI,3,1,1,3,1,839.0
1178,MSI,3,4,2,23,1,2649.0
1179,MSI,3,4,1,5,1,1486.77
1180,MSI,3,4,1,5,1,1095.0
1181,MSI,3,4,2,7,1,2499.0
1182,MSI,3,1,2,7,1,1294.0
1183,MSI,3,1,1,4,1,997.9
1184,MSI,3,1,1,5,1,1089.0
1185,MSI,3,4,1,7,1,1199.0
1186,MSI,3,1,2,7,1,1819.0
1187,MSI,3,1,1,4,1,1199.0
1188,MSI,3,1,1,4,1,1027.74
1189,MSI,3,4,2,7,1,1890.0
1190,MSI,3,4,2,7,1,1545.64
1191,MSI,3,4,2,7,1,1599.0
1192,MSI,3,1,1,5,1,1119.91
1193,MSI,3,4,2,7,1,2249.0
1194,MSI,3,4,1,5,1,1191.8
1195,MSI,3,4,1,5,1,1348.48
1196,MSI,3,1,2,7,1,2094.48
1197,MSI,3,4,2,8,1,2415.0
1198,MSI,3,1,1,5,1,1199.0
1199,MSI,3,9,7,8,1,2799.0
1200,MSI,3,4,1,5,1,1409.0
1201,MSI,3,4,1,4,1,1599.0
1202,MSI,3,4,2,7,1,2029.0
1203,MSI,3,1,2,7,1,1929.0
1204,MSI,3,2,2,7,1,1891.0
1205,MSI,3,1,1,5,1,1142.8
1206,MSI,3,4,1,4,1,1349.0
1207,MSI,3,4,2,22,1,2449.0
1208,MSI,3,1,2,7,1,1799.0
1209,MSI,3,1,2,7,1,2267.86
1210,MSI,3,1,2,7,1,2099.0
1211,MSI,3,4,2,7,1,1492.8
1212,MSI,3,2,2,7,1,1769.0
1213,MSI,3,4,2,7,1,2399.0
1214,MSI,3,4,1,5,1,1511.19
1215,MSI,3,1,2,22,1,2299.0
1216,MSI,3,4,2,5,1,2199.0
1217,MSI,3,1,1,5,1,1191.8
1218,Mediacom,1,2,4,10,1,239.0
1219,Mediacom,1,5,3,14,1,369.0
1220,Mediacom,1,2,3,34,1,265.0
1221,Mediacom,1,2,3,14,1,249.0
1222,Mediacom,1,2,3,14,1,389.0
1223,Mediacom,4,7,3,14,1,299.0
1224,Mediacom,1,5,3,10,1,255.0
1225,Microsoft,2,14,3,6,6,1089.0
1226,Microsoft,2,14,1,4,6,1799.0
1227,Microsoft,2,14,3,6,6,989.0
1228,Microsoft,2,14,2,12,6,2589.0
1229,Microsoft,2,14,1,4,6,1340.0
1230,Microsoft,2,14,1,4,6,1867.85
1231,Razer,3,4,7,12,1,5499.0
1232,Razer,2,6,1,4,1,1029.0
1233,Razer,3,2,2,13,1,3499.0
1234,Razer,3,4,7,13,1,6099.0
1235,Razer,3,2,2,4,1,2599.0
1236,Razer,2,6,2,12,1,1799.0
1237,Razer,3,2,2,12,1,2899.0
1238,Samsung,2,5,2,4,1,1649.0
1239,Samsung,2,5,1,4,1,1599.0
1240,Samsung,5,7,3,15,5,269.0
1241,Samsung,4,8,3,10,5,659.0
1242,Samsung,2,5,1,4,1,1499.0
1243,Samsung,1,1,2,5,1,1699.0
1244,Samsung,2,10,1,4,1,1699.0
1245,Samsung,2,10,2,4,1,1849.0
1246,Samsung,4,10,2,4,1,1799.0
1247,Toshiba,1,5,1,4,1,1535.0
1248,Toshiba,2,6,1,12,1,1790.0
1249,Toshiba,1,1,1,4,1,1119.0
1250,Toshiba,1,5,3,6,1,1285.0
1251,Toshiba,1,5,1,4,4,1460.0
1252,Toshiba,1,2,3,6,1,499.0
1253,Toshiba,1,5,1,4,1,1475.0
1254,Toshiba,1,1,3,1,1,669.0
1255,Toshiba,1,2,3,6,1,1105.0
1256,Toshiba,1,1,1,1,1,860.0
1257,Toshiba,1,1,3,1,1,489.0
1258,Toshiba,1,1,1,4,1,1388.0
1259,Toshiba,2,5,2,12,1,1747.0
1260,Toshiba,2,2,3,6,1,1090.0
1261,Toshiba,1,1,3,1,1,780.0
1262,Toshiba,1,1,2,4,1,1975.0
1263,Toshiba,1,5,1,4,1,1210.0
1264,Toshiba,2,2,2,12,1,1764.0
1265,Toshiba,1,1,2,4,1,1425.0
1266,Toshiba,2,5,2,12,1,1877.0
1267,Toshiba,1,1,1,4,1,943.0
1268,Toshiba,1,5,1,4,1,973.0
1269,Toshiba,1,1,1,4,1,1258.0
1270,Toshiba,1,1,3,6,1,498.0
1271,Toshiba,1,1,2,12,1,1403.0
1272,Toshiba,2,2,2,12,1,1865.0
1273,Toshiba,1,5,1,4,1,1213.0
1274,Toshiba,1,5,1,4,1,1672.0
1275,Toshiba,2,5,2,12,1,2226.0
1276,Toshiba,1,1,1,4,1,1043.0
1277,Toshiba,1,1,1,4,1,1399.0
1278,Toshiba,2,5,1,4,1,1363.0
1279,Toshiba,1,1,1,1,1,1064.0
1280,Toshiba,2,2,1,4,1,1725.0
1281,Toshiba,2,5,1,4,1,1095.0
1282,Toshiba,1,2,3,1,1,915.0
1283,Toshiba,2,5,1,4,1,1590.0
1284,Toshiba,1,2,1,4,1,1490.0
1285,Toshiba,1,1,3,1,1,602.0
1286,Toshiba,1,2,1,4,1,1535.0
1287,Toshiba,1,5,3,6,1,1195.0
1288,Toshiba,1,2,1,4,1,1180.0
1289,Toshiba,2,5,7,12,1,2799.0
1290,Toshiba,1,1,1,1,1,812.0
1291,Toshiba,1,1,3,1,1,447.0
1292,Toshiba,1,5,3,6,4,1195.0
1293,Toshiba,1,2,3,6,1,1020.0
1294,Toshiba,1,1,1,6,1,793.0
1295,Vero,1,2,3,10,1,202.9
1296,Vero,1,2,4,10,1,210.8
1297,Vero,1,2,3,10,1,260.0
1298,Vero,1,5,3,10,1,196.0
1299,Xiaomi,2,5,1,4,1,935.0
1300,Xiaomi,1,1,1,4,2,1199.0
1301,Xiaomi,1,1,2,4,2,1399.95
1302,Xiaomi,2,5,1,4,2,999.9
